real,pred
0.19554484986328347,0.192811252815357
0.18997756446852962,0.19409863603880725
0.1886385428653679,0.18839318866766425
0.18930827856636062,0.18912906691699505
0.17958815548112395,0.19008631255134906
0.16739285583280553,0.17981755288121296
0.16606591243412297,0.16816201182133922
0.16796496306780087,0.1673846119789547
0.16533073469115694,0.16701296754430714
0.1663302466674367,0.1648010117781067
0.17387834284926565,0.16787634532578
0.1773634578728356,0.17472565322685568
0.1865167901976981,0.178421554302465
0.19100927024258466,0.18710351958133942
0.18025430753902943,0.19030886711031678
0.18235278864788598,0.18106288360152248
0.17511590163580168,0.18502135658390678
0.16218976738397892,0.17648362187866592
0.15649591154973527,0.16283165980040923
0.16008529878914127,0.15365136904112933
0.1714161957045689,0.15879261383857227
0.16579714657633307,0.17050499177275927
0.15877640633341653,0.166271057566488
0.14307558111818366,0.1583358173249717
0.14164701268034882,0.14657041474584612
0.14921089606351465,0.14255097558847193
0.14406804378830831,0.14962614148905665
0.13489875466583115,0.1436848446855174
0.13869415714024474,0.1334753699750957
0.1347251765623887,0.14032653606147588
0.12316549426822236,0.1349846072511489
0.12011666566926715,0.12247430463808923
0.1374784836472948,0.11942560876665577
0.1531430963703439,0.13764723194369585
0.14132272247596073,0.15429371125638333
0.13945558543751216,0.14277998217974688
0.13257956243580896,0.14031079310264627
0.1447554322496936,0.13320369148557856
0.15177049470417978,0.14400768226091748
0.14982393499146704,0.15163923455892153
0.15194252431986852,0.1468510375955789
0.16783709484809842,0.15271788900691954
0.1685037630685885,0.16661051557711148
0.15539626403204734,0.17078543027871185
0.15482483518216317,0.15280212674072272
0.1506669833408587,0.15367862979934627
0.1509527014526764,0.15024587578310614
0.13602678375191968,0.15149591095668657
0.11429244928741268,0.13627230017214992
0.11223772401822596,0.11242543022898345
0.10195046360630833,0.1125063424009917
0.10530267045122502,0.10208336072433481
0.09195707483160692,0.10449542903770066
0.09009711245308401,0.09177962366534233
0.10013212605335604,0.09132325114243625
0.10108751718928118,0.10298456953638165
0.09495163446510713,0.10320521798066204
0.10522899930290328,0.09440822218293875
0.10527004160212845,0.10722735224410283
0.11996199386392267,0.10651151216368047
0.12789279142033594,0.12044455426424489
0.1374467027795872,0.12687466440913095
0.14479898162432958,0.13398990296065696
0.14599113285092516,0.1461431869745907
0.16369508919814052,0.14635766727598537
0.16606159141591492,0.1624948563402207
0.16870753668322877,0.16172498509781982
0.167945636465884,0.16509901455943735
0.1666267673247745,0.16423562203046208
0.15507723868602194,0.16408387760434728
0.15568128901125144,0.1527187443620597
0.15256714741096908,0.15425801492678415
0.14505168745198788,0.1500060813938135
0.14781359233080285,0.14361932890603202
0.13435974082625848,0.1475436982890781
0.12728608654467147,0.13203018110203749
0.1198274081568695,0.1275016139187377
0.11447513028672174,0.12136124058007786
0.11437989091611583,0.11551279405175303
0.10202946966362925,0.1137589473268682
0.1193256723165302,0.1028951849242351
0.134696544286447,0.12074012002080121
0.15480883414204125,0.13649386664845575
0.15168023998939067,0.15325660052269266
0.16938131319988362,0.1512639401174259
0.15800041487751276,0.1687967443253463
0.1487446242796115,0.15854133114489716
0.15186663367243308,0.1498807571182779
0.15829419249940108,0.15200716999671132
0.1557086382544829,0.15376465935469305
0.16298715746588902,0.1553476783853361
0.17527662729088814,0.16037527155540612
0.17080043586242066,0.1743424688715672
0.17118138597109303,0.16512768370413505
0.16582784350261304,0.17074455757576446
0.14568894915265942,0.1640996058156745
0.12519593777468027,0.14987838277038884
0.10336936505630913,0.12890234644576135
0.10882729034689326,0.1100927182261209
0.09633673648300706,0.10747433972769914
0.09657098028107769,0.09442569428642672
0.11768446332822716,0.09647429196835937
0.10974079120220424,0.12080788479440513
0.10825381528104878,0.11201110283546688
0.1065536531518357,0.10999730557236162
0.10022084334101823,0.10883806708428412
0.08269328187020687,0.09877219617864332
0.10127823557740723,0.07891642069320645
0.10107716075570916,0.10238876306500296
0.10790442851442336,0.09927871758351677
0.10685681018526091,0.1073288113738529
0.11529106903979623,0.10763728856877489
0.11633869105583429,0.11248113891936186
0.12818307388415157,0.1148010795851317
0.1250024689773535,0.12794393575871646
0.1321007257798469,0.12456075915872507
0.11350324775621934,0.13010013121828004
0.1154894671898057,0.1166356725726226
0.12729108963486627,0.11450208872113914
0.14023387013004168,0.12797438935120656
0.14862087061308324,0.1369414533467972
0.15720409398952784,0.14946494391389287
0.14014295177764383,0.15339815442463764
0.1420583057752432,0.13916923318309057
0.13837390037776756,0.14023528589027368
0.14246913432381145,0.1383207208840536
0.13832058815653184,0.1378852197639425
0.14155868251462506,0.14008972804142258
0.12509925314883755,0.14023823539075697
0.12357804827457335,0.12174112518170065
0.11200356686173203,0.12317791166525707
0.11124166295751167,0.11105880498817362
0.10988662556672563,0.11037707588084068
0.0912396641421772,0.10889066405165265
0.08191593733095642,0.09367065165770565
0.0737260786950622,0.08298906883929945
0.07028571450671571,0.0752479794670967
0.0736190477745554,0.07113631680336079
0.07741388984387716,0.07349415855034108
0.076488814042607,0.07880999534201763
0.08482891193765063,0.07762357167667308
0.10167993910885526,0.08793990678960488
0.10502366245300684,0.10176140799907973
0.1213616350757675,0.10472029895454778
0.12133563522900717,0.12037434140523984
0.13966389390914552,0.12089634768765063
0.14574421541796534,0.14217324780907756
0.1505061249582505,0.14695176303708374
0.1541251694250161,0.14801639998403485
0.15612516671273513,0.15003287760570433
0.15536326649539037,0.15184455666131555
0.1526013616165754,0.15197490246142398
0.14945850662908805,0.1488256028153806
0.1451874677067368,0.14673716475566972
0.14439826248866786,0.14251438703497654
0.13415340114619773,0.14341225185085044
0.11654047007077274,0.13278230372528008
0.1123396034517949,0.11352634971875482
0.10066482796189444,0.11226476725078226
0.10794816960659077,0.10096656554821207
0.10289538770239333,0.10768305744252457
0.11145654881522281,0.10323558308813766
0.11605462466428725,0.11255193061783678
0.12109155300338692,0.11888775629289841
0.11535894073279267,0.12298807075352479
0.11684429442868231,0.11660532589952499
0.1210114556308872,0.11799625871119286
0.13011146467388712,0.12082538639289794
0.13939203107584816,0.12889272370043459
0.15171208722085913,0.13865979545961424
0.1645783908553781,0.14886374723038096
0.1655092310866553,0.163101413740861
0.17922737995575738,0.16235919406549112
0.17087594307479323,0.17675457036681347
0.17675054429865378,0.1657470198156193
0.16246095920591633,0.17240952847733612
0.1626927457013968,0.16127237687490556
0.1571422872069002,0.1602716998459349
0.15723423788446722,0.15654647336177033
0.16667842045198836,0.15461148306470335
0.17563852362643836,0.16533396439418616
0.17509041057787472,0.17364223533557713
0.16903802083863181,0.17441086778777504
0.15693423681655913,0.16859689354634882
0.15070941927906226,0.1577611366508047
0.14384312225520274,0.15191168729231555
0.1435708538655889,0.14531052086690027
0.13585270423339504,0.14436182141019663
0.14969363343386588,0.13610333066321262
0.15273282822686748,0.1503658909577718
0.1592040470347396,0.15378589575817284
0.1482839565466266,0.15862004593904533
0.15474227866363546,0.14889395748908119
0.15694994290663272,0.15502857192804742
0.15655219539270793,0.157497547166363
0.16086665096217342,0.15646966836918508
0.16552925082118575,0.16000260216934062
0.15945525599090263,0.16399676410757288
0.1637845254265455,0.16086115751752325
0.16399714754263572,0.16221999239018156
0.17041582837314898,0.16425066448292694
0.17032960710027079,0.16589514372989084
0.1828266259005288,0.1713336539335436
0.17591860081858174,0.18020512461847035
0.16861974480134323,0.17532359808608475
0.16022151409521146,0.16817523295725564
0.1747417501257433,0.16230404578020452
0.18100545682711255,0.17218486502552283
0.17110643179006105,0.18143568571510973
0.18300625047996205,0.1702932028905556
0.16999938102616002,0.1828188613405065
0.17391271927739854,0.17022846135494707
0.1920744086046179,0.17359771999953286
0.2040838307324785,0.19110676598106027
0.21491230236182884,0.20013595383058047
0.21877465849721345,0.21110011722966526
0.23674401827166774,0.21872928043227782
0.21833898778082456,0.23563612690012897
0.21801904071589814,0.21338033181080057
0.22042494826012948,0.21600690623369034
0.2369848154911247,0.21731558485063004
0.22886152247254418,0.2335875955819572
0.2122825129834123,0.22789038469091383
0.22726674230872396,0.21092242457304858
0.227907668763746,0.22453346970585067
0.22998733205951902,0.22536571550972223
0.21914869940100368,0.23005182288758647
0.2006041427897978,0.21973477989453868
0.1889250647160673,0.201049561605284
0.18387733383144753,0.19046465972584492
0.18497458487999277,0.18748842939441063
0.17271859188547917,0.18372826607702133
0.17065236356440758,0.17078318865834452
0.17334669538715003,0.17165307008838307
0.17142265511062732,0.17545338348110134
0.17055264832681827,0.17178440397115338
0.1645642996168191,0.17091119697931995
0.17606605372149334,0.16406170473446405
0.1731360125676276,0.17699878900683108
0.17027998175463918,0.17530022329475456
0.17136954198067422,0.17050508763152497
0.1834992004957367,0.1715202024653614
0.19004979773536573,0.18241687391963696
0.19402290761389843,0.19065429785941895
0.18273211653129254,0.19148291577769608
0.1659358173415556,0.18305178339367306
0.16536438849167143,0.17004923495807908
0.17151820417878397,0.16742345690031982
0.16818487045008482,0.16965089754405763
0.15618659743405114,0.16494522023048663
0.14661961241390764,0.15334934756539018
0.15533556331210094,0.1461543582076712
0.15714493438358398,0.15661730561587686
0.1474627418745626,0.15716652472712175
0.12974138347449574,0.14597294918044557
0.12591299821092758,0.13051397563109246
0.12177814878651731,0.12612333077726762
0.12216703305148979,0.12218363873921079
0.12238418265082186,0.12196695737308044
0.13397394616304228,0.12143888618030084
0.12984495518396696,0.13525919837239334
0.126016558859772,0.13234837321417633
0.12099580853082326,0.1274301991382857
0.11752655444610224,0.11968319233073833
0.13893508708722346,0.11598438231027736
0.14110498297653198,0.13786036284861944
0.13820306530977455,0.139127859065061
0.14019518743120316,0.13679369074633485
0.13439076219759163,0.1403660962367082
0.13827444322147053,0.13513599773720572
0.15090703581144366,0.13716492962466595
0.15768869691893475,0.15076367534045262
0.15895023514440004,0.15412616488142925
0.15795011114677002,0.15738761928335024
0.1589724891255466,0.15892784843573177
0.16560040752034544,0.15755285767417618
0.16400022977064077,0.16254400976577496
0.16341401654958404,0.16127556970917872
0.1677404175960069,0.16179332502401797
0.15364267538845477,0.16731386820986263
0.15171958632583796,0.15326544165039138
0.1469723358029548,0.15137238587644578
0.13592703164557432,0.146273068228373
0.14380940946467857,0.13455990867655793
0.1394306326634234,0.1435561211106748
0.13123355051650182,0.1395563182527682
0.11948167139709218,0.1311934520574313
0.1279938929231524,0.12203224456627838
0.13121466633965745,0.12988132989867732
0.12266186706069815,0.13128688485899115
0.11748633432013679,0.12231741702050666
0.12301014407776673,0.1174511689006246
0.130501956416623,0.12334132873953454
0.1396560777328648,0.13117133817755772
0.13286050973059488,0.1391343553398755
0.12743887066970663,0.13299438755753207
0.12855710004043938,0.1276328298214887
0.12710604166141934,0.13127269776166647
0.13980134063166752,0.1262745258589174
0.15207232446238753,0.13933392591632707
0.14763471250024165,0.15019445124217973
0.14792043061205934,0.14827320561736496
0.1379497769557708,0.14702844267589846
0.13294054442620937,0.138655467067655
0.14028465315461297,0.13250839836289802
0.1440935569674889,0.1402714688874526
0.13923641543034904,0.14185206932769934
0.13772391895626176,0.13858386794342278
0.12609360718614712,0.13804629198533575
0.12781014641679375,0.12413627810979472
0.12999368374583758,0.12814621987561267
0.12382783409675317,0.12953805965867915
0.12480805633987212,0.12297168996521564
0.1180356603507742,0.1234391968524462
0.10575705574818046,0.11914070914122218
0.1054176309194374,0.1070960146744569
0.10172466459680897,0.1049595439993754
0.09919860915039022,0.10275354991102682
0.1081274328722148,0.0983826445891865
0.11093440980529026,0.10982610550368382
0.12205950901137093,0.111989261784388
0.13155805455967495,0.12234606773082636
0.1441162238787031,0.13150537648104313
0.14066084719375602,0.14166549867462794
0.1414810369144021,0.1401806906363277
0.14751989582017783,0.14261181640969128
0.148091324670062,0.14780146988381648
0.1480659884609104,0.14593071970727586
0.14120799428091138,0.14649826996402449
0.1473859147607237,0.13990064293918916
0.1496994586973204,0.1457759594169169
0.1545634283280791,0.14800915158659714
0.15680377303643137,0.15341175899561688
0.14835113879388506,0.15409687634163002
0.13924766777469283,0.14719447005810365
0.13259876368395526,0.14080773969157578
0.12241181578347482,0.13335561288172235
0.10462591493908205,0.12378445431839497
0.11508020187649359,0.10790888226015316
0.1327181668372706,0.11565320870913634
0.1321978380832597,0.13304847402264466
0.13020321626017153,0.13303527500798187
0.1411033828725198,0.13159643493471396
0.13980662761128385,0.14107522989040666
0.1381095440232002,0.13999614039108735
0.1369919119263153,0.14043245999758255
0.14408272492696395,0.13741264342275625
0.15616676941705213,0.14158741802308367
0.16242311711471552,0.159026782055693
0.15985393259747965,0.1593900646564704
0.15710169470649873,0.15842367557061815
0.15519667133434212,0.1534198037581851
0.17337331462901184,0.1537799746359526
0.17636364357275633,0.17010369011075208
0.15546721426617321,0.1747205800860244
0.16173786704118065,0.1550300761732939
0.1711021845093651,0.1629252916932517
0.1772799058978948,0.1699758882548105
0.1895236363441491,0.17595827160008218
0.1878126679825403,0.18838443602498003
0.19699268591302546,0.18608397312302682
0.19146756362768047,0.19305852418837482
0.17681642139194836,0.19250341344991453
0.17938323893504637,0.1757623510304787
0.18459898074094638,0.17893849850467133
0.18649407904397666,0.1835352728866475
0.18431569596702743,0.18515724744492382
0.17766668127002172,0.1825977446630244
0.1728203054096459,0.17581174778982284
0.18692039984383346,0.17372314013383416
0.18589312569425462,0.18785120320635465
0.1911900893697136,0.1848501675758558
0.1869693468043539,0.1909166559274089
0.1713161560219264,0.18913793016594738
0.1754364533483272,0.17065349912209363
0.17687958494479833,0.17392620586835847
0.18766669720362156,0.1754814553519512
0.20651951348408878,0.184593656892574
0.2102677829407792,0.20414541630256988
0.21116087693962132,0.21012561701748392
0.20528408571165194,0.20897363061371974
0.22435475947156724,0.20527924853085933
0.22531246227849616,0.21868489045000408
0.23045531455370252,0.22210356797518763
0.2163670697377066,0.22849166985944022
0.21379565097385467,0.21624988608350496
0.20750994099887998,0.21320445309698113
0.19455754881900458,0.20748504721480088
0.19345424392071736,0.19245411254933611
0.18864676459796512,0.19084958428641854
0.17474200820703562,0.1871304706420056
0.15664676375195388,0.17251107977897628
0.1358411421915005,0.16008396414017256
0.11858133268768792,0.14155993605233047
0.11724111284995486,0.12354726286327886
0.1284034089440056,0.11773664367865241
0.1179912888028785,0.13050530409967154
0.10873322708960508,0.11820439389967284
0.11240644650649778,0.10949898377883174
0.11335261676653698,0.11507991798707208
0.10809081113683897,0.11393235583403287
0.09961696998581772,0.10732647758159548
0.09455813607531609,0.09900487489801998
0.09751051785190505,0.0928892146865346
0.10198670559349693,0.09748202567723634
0.10522480363846579,0.1033646937849187
0.11112956350476809,0.10459813064452932
0.11745899982440777,0.11129222108267112
0.12567118710067948,0.1177556495223917
0.1265193712677877,0.1270113700696565
0.12033367885420188,0.1261008850785897
0.12568502394482178,0.1193359292044609
0.13113356245011779,0.1255383674070407
0.12450796310007392,0.13079265918425748
0.1346862800247651,0.12271155877009061
0.132704230447487,0.13362072873266417
0.1380206534523846,0.13181853232110677
0.15673669402168983,0.13549680275757714
0.15532580046550118,0.15343778096363084
0.16565787853726263,0.15320103930733842
0.1738364378211491,0.16056586827663724
0.17154971959144807,0.17210214628446857
0.17551033096168275,0.16980791420228633
0.17491224600118072,0.17182891193344646
0.16479455237204826,0.17344416900437204
0.1776375697002515,0.16171893124807782
0.17613299263496193,0.17611696947358638
0.18440331825263517,0.1754319774813438
0.1913653929309388,0.18095186440333091
0.1955558662475886,0.1903934882791828
0.2048949581128896,0.19247034954949668
0.20052146829125078,0.20133265466167155
0.18629001785303925,0.19840107239380328
0.18587910819320771,0.18537482472182595
0.17926131395881778,0.18717452880547497
0.17232085174530556,0.17915943821212446
0.17622661715405322,0.1705323262684883
0.18281789537909823,0.17475563489926846
0.19251177528378471,0.18137050912817992
0.20177813246716741,0.19263515288900132
0.19212102545975654,0.20172170852292182
0.1897208399464628,0.19158017555613302
0.17602193656801432,0.18971497044050104
0.16210748369424594,0.17888496507089938
0.15144081428765843,0.16464441542369684
0.14296462828375295,0.15250979437407122
0.1471622025228163,0.14463132464310735
0.1447714332898155,0.14636771032513102
0.14454777266816654,0.14534354052481085
0.15193816643290442,0.14500013755729094
0.16477224677464325,0.1539405601897661
0.1579219876596617,0.16615597543138066
0.13891410139128474,0.15991871100184424
0.12658851124599196,0.13729062258776195
0.11505189404560509,0.12383298097509654
0.12287207427326764,0.11403436430824794
0.12346095679226177,0.12333588691114286
0.1316317257079967,0.12447471854275148
0.1359837800348731,0.13088776582734163
0.13741235584645914,0.1378317674414338
0.13741235584645914,0.13841111570011563
0.13665044825536315,0.13779113069852508
0.13952022374060377,0.13679793065327958
0.1421371164281571,0.13850279354888795
0.13255624663448842,0.14287159366475832
0.1177221690050306,0.13374611199820943
0.11990575426345727,0.11852744162698235
0.1271236612399315,0.11766482334188395
0.1271153694566978,0.1257497728541815
0.13474140618879807,0.12585382385748128
0.12425456045292643,0.13457840204458824
0.11785615743823591,0.12433738980024883
0.10663776921874393,0.11840682180471762
0.10510772321678101,0.10735867137937076
0.10291724718785022,0.10507603083408791
0.10268922867923717,0.10128565725799835
0.11527253142925867,0.10340697856122247
0.1146058632087686,0.11584327083340487
0.12497403947957006,0.11566059352097141
0.12068832310543878,0.12418468678647696
0.12233951615287782,0.12133625831098427
0.12024427580767731,0.12183229424163958
0.12021492090411723,0.12150932393871776
0.11257707879633254,0.12016657859119588
0.1057175508760822,0.11330220611640171
0.10266993157232515,0.10759702788717779
0.11212352304638802,0.0993780088304116
0.12039084386044392,0.11134762007549878
0.11823550375602049,0.12239236014091182
0.12379498772199597,0.11728524843781192
0.1378322246140087,0.12377106727307638
0.13164884755830225,0.13428670382054067
0.13374408421662717,0.13268971153135795
0.12309019720775921,0.13347354865854727
0.1233759116327013,0.12460308449066049
0.12392702211113109,0.1227650147794749
0.12430797590667908,0.12488129981062376
0.12060075243608948,0.12133804275877667
0.12633383293988545,0.11907691881951953
0.14389217244824007,0.12607210532762383
0.14227312526919347,0.14194966092494068
0.1411830046380666,0.14071553830646769
0.13339187699016458,0.1401505983576468
0.1309156828494161,0.13368255026279421
0.1236419123337881,0.13166390475826953
0.10678507464663135,0.12632377883011298
0.09724362861379765,0.11068106246127683
0.09267219965816208,0.0957732528500498
0.08876743707957876,0.09081425584403242
0.09852998688582996,0.08835208657808205
0.09947098814627217,0.09902378856986917
0.11319218237462325,0.10011135050932676
0.13076264064308865,0.11432578970350082
0.13892582565570588,0.13269131163537015
0.13686012824472127,0.13746521826887115
0.13412487947652416,0.13717852682189396
0.13375399453825107,0.1361582872309678
0.1308016182919755,0.13346441258080025
0.1288016136305053,0.12995902711515875
0.14350878162791778,0.1275205202168357
0.1526956055307682,0.1412369362544038
0.16431612127240267,0.15211947960136435
0.18302029747601378,0.16191735151934092
0.1860428939550456,0.1786583475750159
0.1732730168650771,0.17951192564113294
0.17943178033925036,0.16832627687700566
0.17969760407030816,0.17768267493639245
0.17811080967904647,0.17609669903151487
0.17906576207677471,0.1746554256203482
0.1814219262953551,0.17870682261545898
0.19635829260157395,0.1794600144326268
0.18539201293589241,0.19342339214566198
0.20187369628282648,0.18409310453930364
0.20206417502403826,0.19800710761424833
0.18992842579047778,0.1976239675014671
0.18256771137435315,0.18846646900717193
0.1739934766006314,0.186430819632361
0.16005120256355426,0.17474846023934282
0.16094426706739157,0.15832307548288385
0.16699921549830374,0.15934519538036812
0.16013499787228494,0.16634674174888958
0.1483476952520708,0.15892353479127494
0.13608368698999382,0.14928212650018646
0.1251288513861875,0.1389213866574785
0.11262124387919442,0.12576068600596974
0.09682849379452378,0.11311183798145803
0.10576921137704728,0.09892279029956963
0.10592104797505218,0.10592426293057898
0.12434554885596076,0.10710668817933086
0.13799072339623028,0.12687407082215868
0.14348913795469895,0.14013709701918448
0.1552376030272992,0.14351325749490118
0.15500916421486727,0.15595479619106825
0.15081060189314202,0.1566407983872264
0.15815336859882573,0.15039901384819931
0.1640471268283253,0.15826012576881893
0.17534233478790495,0.16201014280454568
0.18217087083182698,0.1721809126948752
0.18188405403107924,0.18106980018015584
0.1948542833151274,0.1787187017286555
0.2089445927814616,0.18935834633706472
0.2167064097683108,0.2035680810779679
0.21683434435177412,0.21088614571710393
0.20374602444212564,0.21164907825961785
0.18644881895906035,0.2011173263788879
0.1808841881147415,0.18722767143043292
0.16609877724325817,0.18189756274329277
0.1650673000554906,0.16257407254945105
0.1744355551068203,0.16028444168802278
0.17978881737275434,0.17329137013183446
0.18496545617599694,0.17925178707225672
0.18303996327048622,0.18556368861152314
0.1693113436746684,0.18387777625652002
0.17358993331825692,0.1695553779709058
0.16962867305791593,0.1736733599394272
0.1580746243096727,0.17068039119275016
0.15792338129864006,0.15776821545196462
0.16118086862241104,0.15809903879992326
0.16248509349362097,0.16163289431897984
0.1771250128800141,0.1619118875696956
0.17646871952747403,0.17692804523773903
0.1903355600896907,0.17526727000060485
0.18518826881625697,0.18753268664916262
0.17802795821047046,0.18731776392269545
0.17346107701589258,0.17867720963060663
0.16974669731975534,0.1765686559775996
0.1679508939504955,0.17015606586558438
0.17846201407534473,0.167345781805092
0.18619647444521126,0.17643230057025644
0.1883172980202288,0.18700243282602538
0.20773823233628771,0.18556993417879655
0.20976862422648718,0.20422459564304418
0.2069848561753397,0.2057414205090907
0.21488476877481721,0.20482790121940167
0.21183087072190632,0.2139626959337266
0.21119091760204378,0.20995488518200783
0.19900989353606455,0.20927132369749965
0.21753501293908548,0.20012251885587903
0.22322902362210448,0.2145292212390573
0.22539574142464225,0.221353922932351
0.2231371909245568,0.22467107865089922
0.2184452287882332,0.22196112184934644
0.20797864612068187,0.21637024045072617
0.19991459381930848,0.2090022555159102
0.19077931243740381,0.20249711745248009
0.17812097070821145,0.19099335768747722
0.16794153666021222,0.17727441982699588
0.16078222151083882,0.16873108844458795
0.16622194100968976,0.16236361094246488
0.15542802277850132,0.16593559612901937
0.164663823136877,0.1563695475752793
0.16935677335586252,0.16604848088626664
0.17329494640117046,0.171975089177399
0.18409150443529146,0.1749497931423332
0.17563794847384412,0.18657046373274305
0.1845717715989879,0.17749659095090076
0.18631623153858462,0.18481123416947617
0.18958806818220686,0.18787434941139738
0.1948916682337533,0.1868959706060805
0.19132796376980568,0.19356821261939222
0.19632953497186173,0.19113925472888385
0.2076406481127976,0.1949045133083581
0.21460666037424644,0.20567890584634707
0.19938996616834315,0.2130257133676929
0.20375323597080733,0.1967494553556698
0.19332729741991594,0.20338522679550544
0.19142441243560973,0.19314271767967076
0.17061157934647467,0.19090563954310374
0.1622069924668014,0.1683271101108922
0.1684582522761311,0.15935260600033244
0.1626950831805298,0.1672951904980521
0.15215421734330647,0.16242423055114796
0.15616241890383925,0.15149221670733123
0.14995425867032183,0.15734647375160815
0.1471272140733331,0.15143441387160966
0.140776696198989,0.14670318651010206
0.12597839232351804,0.14077601044012664
0.12246041249081285,0.12484548550100524
0.13660982625995685,0.11975913459443221
0.1405350583718943,0.13888979750730232
0.14947622575324152,0.14069971423637476
0.1537515783200496,0.15029880456927905
0.16891908223164256,0.15476717982146576
0.16633663233598306,0.16786923702961523
0.1582430555347718,0.16736359678801116
0.14420886031513247,0.15855390339070724
0.163583045048531,0.1481782538230562
0.16384215866598928,0.16220946267345618
0.16069806488829894,0.16277470494607663
0.16273420830444085,0.15668004149115675
0.15679726938786567,0.16357828160525045
0.15703751357598203,0.1553063411360626
0.15513383222654534,0.15697461547817557
0.15756167668062124,0.1550680214970116
0.16515073405041208,0.15476117758798225
0.1634252320251718,0.1646182091119027
0.16587460783277583,0.16534206077301283
0.1630139020615214,0.16444960829052582
0.1730933332956342,0.16307853299086178
0.1818386685923924,0.16924717729165414
0.19165475367585338,0.1808778393149512
0.18641872668037945,0.18943504809713305
0.19557404991806818,0.18481719216045245
0.19512298280915644,0.19478452762869727
0.19531672074840228,0.19494542288006153
0.20881637799545238,0.19217688899891033
0.21025381705599075,0.20678591236774083
0.21716492436594287,0.20688454366390255
0.20191953152033704,0.21551383823789635
0.18690190647580315,0.2010695592185608
0.1818413231428274,0.18641795243650258
0.17797816326856108,0.1841383130079615
0.16776144753445288,0.1763617263974422
0.1714061379079208,0.1633260624451719
0.1593382788017348,0.16929097000008
0.155799600849388,0.1591717426306962
0.14905905577863415,0.15658843737989653
0.15333488026551956,0.1501242678781795
0.15686526274775706,0.15390742255183618
0.16313447026752767,0.15722364180398093
0.1515079154236536,0.16528172874062683
0.15497728011464273,0.1519558118195458
0.15513911920616166,0.1554014035366395
0.15452327087899892,0.1558688846157408
0.16994497011599427,0.15366063047264691
0.18731682008254077,0.16955699282242043
0.17951775827833868,0.18342113459169485
0.1928215023295365,0.1796771935269637
0.17601892070377012,0.19101926904922303
0.1750740482239436,0.17658595479793418
0.17202964018883773,0.17240038502583788
0.17719182643971212,0.1742284706778875
0.16357019997392622,0.17283229512911055
0.16661880367346957,0.163768716103955
0.1664152291501119,0.1660978186556011
0.17393032779528386,0.16518864987912496
0.1782051715732586,0.17223217501327504
0.17170251846398565,0.1794851810455006
0.18155646038614984,0.17176021069343908
0.1719084968302372,0.18223023690280468
0.15168320423737638,0.17386085968515086
0.17106457100445177,0.15488163518772038
0.17046909635187746,0.17132628018233537
0.17084764261765595,0.16923278372929562
0.17830421579948794,0.16946569103495973
0.17232970024675548,0.17752888060744174
0.1662575119855184,0.1706850440297626
0.1704229735380698,0.16674624421560194
0.17275097002703463,0.1726126605756213
0.1668645855487433,0.1695895405602537
0.1730205838662135,0.16783827464829174
0.16358808132060623,0.17413425625869955
0.16366711318605637,0.1631110512336902
0.153059079849077,0.16174558735869568
0.15376423167712297,0.15287992718972107
0.1576681389005661,0.15288407861165132
0.15127460256167302,0.15690505888302803
0.1441977333245592,0.1516595418697491
0.13827141998347514,0.14438477589770796
0.1274020682774262,0.13904960881723896
0.13768337069836756,0.13023017469458892
0.13406434097910436,0.13779596050556647
0.1355139024866291,0.1345545405856783
0.1329853989548092,0.13512442094780874
0.14333380251174574,0.13422769906337215
0.14740715853795472,0.14388324283552686
0.1527380414689717,0.14815378771654716
0.15753774148419925,0.1522060400667981
0.16870439546521404,0.15565138845010196
0.1802213247498749,0.16897903082896573
0.18037214008333743,0.18168669557999015
0.18487849015424673,0.17798705601251824
0.19600843760174683,0.18444477348192803
0.2047430293429946,0.19198835692801752
0.2113674157109647,0.20250483039624392
0.2225197572408843,0.20748227468434657
0.2328257543546221,0.21893261899559682
0.22808642324053663,0.22710788221269318
0.23698311952834683,0.22369839238151512
0.22886771642355913,0.23304758628597144
0.2108721945798179,0.22431741879544861
0.2112254710002057,0.20911305350156553
0.2060965108722757,0.2118055050177499
0.20778257807605421,0.2031988921024727
0.1970044839149587,0.20491684340647573
0.21093196620711208,0.19513351252588185
0.1989655772913029,0.20981351562384307
0.19130919019922946,0.19961516053024345
0.18703541561517992,0.1911855913814766
0.18869654479237208,0.1874230537161982
0.18650513229703786,0.1874794702866926
0.17695889701279438,0.1858623107879553
0.18692066529887696,0.17913160967506447
0.1751177303261013,0.18687827360318068
0.16885667080141584,0.1746713086804508
0.16731512912131927,0.1686481927335047
0.17199751275482333,0.1671733245118332
0.16494433538034164,0.1713478262833659
0.1609648324595114,0.16412230959564475
0.1665809025922591,0.1626143922210578
0.15569371378203736,0.16670937545956063
0.15948758988995085,0.15476024849533002
0.15550807959536941,0.1596134893180807
0.17264297406683846,0.1557408836685166
0.1711240624292,0.17100527129723492
0.15548865713468685,0.17263330707900443
0.15895805869443203,0.1568884089527998
0.15569461337968477,0.1582162077066225
0.16530685848474458,0.15467460974879726
0.18593635062383745,0.16373226027798135
0.20383521733674076,0.18287729094508076
0.19322421237802445,0.19932826261823242
0.19770211451677225,0.1892722799129619
0.19986169452814043,0.1994612408475222
0.20490187469152296,0.19845012258684064
0.20471742767879952,0.19996618058276147
0.2040106388779853,0.20269120933178394
0.21550642024418085,0.20155522396814168
0.20185035098650111,0.21518821338453956
0.20557391837664385,0.20059999874161874
0.22229844147211955,0.20399289763257822
0.23242457804638547,0.21729892017289937
0.22254347122477006,0.228327943087612
0.21390344046901702,0.2212901104893947
0.2006594016813525,0.2154514857976793
0.20137792949409028,0.20184190066761645
0.21785739334191065,0.2031408606804637
0.22525146660850143,0.21737056353963885
0.2191536988043229,0.22245011953447347
0.21327970960181264,0.2193406086499499
0.2188416564006917,0.2148529879071096
0.22010626948041087,0.21868458075245334
0.19948287543356724,0.21822142069156006
0.20121707848523326,0.20224904971433177
0.19945470770395168,0.20030044747253437
0.19465390899979412,0.1996135972949873
0.18419236260431804,0.19464132938023285
0.18757655309510057,0.18560895607019065
0.18590154651813445,0.18677473138871428
0.1824305522281283,0.1870842298481786
0.17594297106632503,0.18261982904789315
0.16684674107081932,0.17631618610997996
0.15542102508860467,0.16562858262371222
0.15533998756282588,0.15578242738282394
0.16185982888616526,0.15628580388280708
0.15462173995263404,0.1623013543610135
0.14358708349199828,0.15365483470419722
0.14901781438812634,0.14381736574223228
0.1554848891478194,0.1504096394236904
0.1521515554191203,0.15619276189006126
0.14548085451981108,0.1523675915820199
0.15389113393541715,0.14506712071326677
0.16052033536292623,0.15428773851790464
0.15490061522333046,0.16150215771005738
0.15680346333888062,0.15580951117101188
0.1465093305908369,0.15671651943838402
0.13631229539870354,0.1456856162171133
0.14668220818791455,0.13679049053831047
0.14100767895558777,0.14775490464493632
0.12286878926710436,0.14016315585595446
0.12001164501768351,0.12563855456470732
0.12095106092161594,0.12057535355005262
0.11685582328869643,0.12283026879079241
0.10191255883822227,0.11543615865544557
0.10142025033880273,0.10297019440840113
0.0941539641806511,0.10270849260426876
0.08861021579975403,0.09332529833299115
0.07867934260951516,0.08892681149475631
0.09189781752345953,0.07927425777871654
0.10199112984422189,0.09160245085818583
0.10528378996125626,0.10388679223921961
0.11539563620568058,0.10737408989314723
0.11763069024754091,0.11601900575907574
0.1143396044263895,0.1177062785711768
0.12705849202675287,0.11545086928910606
0.1312666586594269,0.12833927205599613
0.1326347844586076,0.12901318130017272
0.143717333433341,0.12988544445185152
0.14739303780439092,0.14368808913604905
0.16088549827026175,0.14624974505330127
0.15964218058403204,0.1570720227316367
0.15092059613991562,0.1563143845424903
0.15727494836488803,0.14715472553909112
0.15747689328922868,0.1538420247523701
0.1576928630883674,0.15557155284577012
0.15272936993755082,0.15497904981493274
0.1447574084150174,0.15217707597205207
0.1288191115421225,0.1432684489547869
0.13153876482651414,0.1294884785555548
0.1345788002271535,0.13058120949460938
0.1319896770866505,0.1332668329171749
0.13700250800680158,0.12989824528394905
0.14645235361525066,0.13809818107258826
0.150205224292695,0.14717956033316054
0.14273040845037374,0.15058711824152204
0.15937271421987736,0.14403656524440026
0.1667515754377255,0.15705271825097347
0.1668409084336136,0.1642001911559064
0.15479404239711747,0.16714067354148301
0.15039143363195723,0.1557719566561082
0.15523982990016408,0.15067376719197031
0.16137030766470248,0.15465496607557846
0.17032269052163743,0.1604691467820385
0.16744678744914276,0.1702824962038012
0.1622592944841216,0.1653479302789746
0.1686402438297022,0.16238111622783327
0.1837156790837088,0.1681345962143469
0.17537376171555455,0.1815519402766592
0.1786118560736478,0.17116775927886016
0.17235011816385115,0.17862178851652533
0.16371302953483022,0.1739299812289771
0.16333207942615785,0.16333145265730514
0.15882726309549988,0.163941888651081
0.1627877196169592,0.15574269023756263
0.1561210521595609,0.16120193542961303
0.16330520210300373,0.1555065753501229
0.15473377672849234,0.16322202618937454
0.14918501419677366,0.1550750781769179
0.15053710946082763,0.14952211998076173
0.1513528675569975,0.15126668315287536
0.1449464713959972,0.1509361842499699
0.14022467506228498,0.14398656383745703
0.1290325447708456,0.14114638658956638
0.13755341570707316,0.13054004184161366
0.15173197422786783,0.1373054806964466
0.15847383920008795,0.1523877514178233
0.1507515012772078,0.15647365756858875
0.14792165465475993,0.15176860702387046
0.16227922573363754,0.14973398260047746
0.1592507302536391,0.16218496707194233
0.14812003805726698,0.15818652835800928
0.15716430522800806,0.15000084603045563
0.1569285147856215,0.15732520785312354
0.15869760305425382,0.15735590477940353
0.1569018955437597,0.15753079541056106
0.16066281098377225,0.1561646162816993
0.14571167505388327,0.15706897737238767
0.15554541289773682,0.1476433397891553
0.14376145058682002,0.15663851989810304
0.1413054678981334,0.14262988210015154
0.12794655344039538,0.13853089491474263
0.14077548690379085,0.1296179837480255
0.14606116136615,0.1415267541718933
0.13554892780486832,0.146097381232085
0.1381071401803063,0.13631970601866783
0.1351965952246352,0.1383145785492971
0.14223922076113787,0.13578978401433497
0.1434505142458701,0.14225549463005452
0.15409530573262267,0.14465531882953903
0.16271691685785747,0.15170576054232246
0.16717908341152685,0.1604065805030364
0.17312945730280346,0.1685686594529724
0.16694733378480242,0.174216805403476
0.17963325334351368,0.16472697931597574
0.17841714479924245,0.17652342538768812
0.19146238725433226,0.17607214443999136
0.18695288859165707,0.190017161512518
0.19642748788291228,0.18449237104597735
0.20356110550932488,0.1941363454024863
0.20474140711772879,0.20061828564461523
0.21794031854799875,0.20117616891352982
0.20825840624152328,0.2139193235291196
0.20084163656871346,0.20439186181545238
0.20377597661953362,0.19940934438651847
0.18464946881546934,0.2030126016519472
0.1833731683400851,0.18355367776966333
0.18196038710358717,0.18272402752621708
0.18367220344658491,0.1804048721649509
0.17308160165746184,0.1812221345063673
0.18038535384550264,0.17217530864395691
0.1685285904889067,0.1812315212916554
0.168116294563848,0.16946677497638735
0.15218588023099475,0.16721309852585056
0.14177833918936794,0.15368084929845996
0.14192546764722638,0.1413397558412518
0.13540190995327803,0.1406026314279668
0.13604455449233158,0.13694769891407058
0.14746315480463026,0.13582566468771437
0.1329622822447713,0.14942432929223776
0.14434360824471223,0.13331191603206222
0.13799714593353268,0.14598202626818294
0.1439618101546509,0.13961314775333028
0.1384763365295527,0.14287312740500965
0.12856957642748376,0.14026739857678563
0.10597876601263484,0.12863387553801978
0.11240625110209077,0.10720855655227297
0.1128317054861806,0.11178933726787843
0.11346792380105616,0.11416677475869469
0.12550684093374975,0.1126194336232728
0.12179040396102545,0.126760463437293
0.13563609291790119,0.12322824857788027
0.13864321189314685,0.1371411419032681
0.12771222300074805,0.1390861457544759
0.14581571130968063,0.12729368888216716
0.13872719154565774,0.14501651465872448
0.14368270629766702,0.13882682567198376
0.1365131268866117,0.1419077337755705
0.15095782620976614,0.1366554771536872
0.16105741727968234,0.14918672490705398
0.16359658325574936,0.1578513913655938
0.15601420650455322,0.16292238643527565
0.16294003919566824,0.15427319748052196
0.16413518416525436,0.15966997225233598
0.1491488975633556,0.16299678758496702
0.1577330131636964,0.14912840590874785
0.15512288220600107,0.1584362183214234
0.14796181947759132,0.15360961148803695
0.15373196414183563,0.1465779728408346
0.15073827276754018,0.1541022960487681
0.14702530883163495,0.14836912337308203
0.15089237679404163,0.1470011597964279
0.16644726809911178,0.15270468261850556
0.1690650530105613,0.16288571677051697
0.15923542234613075,0.16841409825389603
0.16358451979877264,0.16033138298821456
0.16446970913631953,0.16485680157974839
0.16966125029075402,0.16529274512493197
0.18702767317641125,0.17017222175448166
0.18928177730451812,0.18388328444867258
0.19323045057154664,0.18866554554229256
0.19413178842423962,0.19090473994545634
0.19308583656285022,0.1942007624930417
0.19102766037809804,0.19087045200233793
0.1719495465032136,0.18729132165086262
0.17807481839939895,0.17448620540386983
0.18463099756869264,0.17707140570873003
0.1834243053047144,0.1841333357258959
0.16687650890444708,0.1812655216584767
0.17018201409608624,0.1654254947679343
0.17222594419350404,0.1704650481624641
0.1870272676200948,0.17350112385870464
0.1792030465767701,0.1892503208818637
0.16825501694532902,0.1798731362178208
0.17653259833419122,0.16657464227748328
0.1632328729774019,0.17858219884628818
0.15479228007057869,0.1638707466994237
0.17237954680492334,0.15278561691176742
0.17007825066908358,0.17200566812365967
0.18185983863211133,0.16908016920053823
0.17916248357137346,0.18213630268616265
0.1708249462114369,0.17864489047906082
0.1631915431018796,0.16875216262554116
0.17362099155834612,0.16588406835557604
0.18864509075644084,0.17317920062845438
0.18822070925315182,0.1839738931035197
0.1820921486639276,0.1861390402970501
0.1681564593866794,0.18360803706357062
0.1745500915843382,0.16965225431427994
0.1668405544935556,0.17489649566859988
0.18354593533089467,0.16676122767805712
0.18565916394216772,0.1818165399650164
0.16881303294176536,0.1857171658691719
0.18157144384860502,0.1681161028463166
0.18738701082029222,0.1822802383097479
0.19829266350353944,0.18675878196485082
0.1995337248218994,0.19423161426809704
0.1864767875973933,0.19834783391007965
0.17667553112761214,0.1877384069341219
0.17977085491481104,0.1795502617736647
0.1781487697502666,0.1813459471629052
0.16869795080665803,0.1742499946576644
0.1711985889326619,0.16665433778054217
0.16008552737542872,0.1690920114449787
0.15494089065242997,0.15838633489449952
0.14786625566193226,0.1548724622412173
0.1396325333452568,0.14850395978767628
0.14551531205920729,0.1402314810346502
0.13397017817617485,0.14540524407492159
0.1260816248404337,0.13525677240824582
0.1221856960157979,0.12581515590614517
0.1098616027420004,0.12175075898765424
0.12270664785178592,0.11094548149272947
0.12944936817914618,0.12307710511248894
0.1184480558214742,0.13137042946018077
0.12155552417691311,0.11786997584800019
0.12827902850862466,0.1232363154617021
0.1356678147955991,0.12980889016680736
0.135486494253388,0.1347354629453242
0.14018754085120017,0.13674502398836033
0.14234532904102476,0.13809805571881772
0.1510371382777622,0.14360114523555245
0.15362031080104013,0.15373827607286988
0.15404048189238925,0.15389946627428247
0.15069762127712905,0.15136292535364557
0.14169419731433047,0.14861719848498153
0.15279092601263736,0.14188261140520397
0.1503880195851478,0.15176610732221085
0.14771435638704208,0.14878016576043532
0.14628578794920724,0.1461253203754131
0.1473334062783697,0.14693977331761912
0.14918145267494007,0.14662354999705285
0.15726665289477873,0.14854818017367222
0.1630605115429088,0.15806812803485823
0.15966574709289363,0.16053443397523642
0.15693201731744544,0.15836094706908949
0.16589176655183746,0.15922244454400422
0.16140839308969313,0.1655054778472903
0.16042654124755718,0.1604674508192606
0.17172868790702378,0.15939365567330882
0.17540557207826699,0.17082443004885234
0.18293687822859472,0.17490400214732987
0.17396457886964625,0.181607840684569
0.17454300540942705,0.17325985471917035
0.1716858611600062,0.17197576756251018
0.1688044130266029,0.17101813849309336
0.1654882675119702,0.16840440177105717
0.1563554415892179,0.16522204559834716
0.15340306534294235,0.15343250873151693
0.17425555446607544,0.1510854437219275
0.18582519132437292,0.173789946319781
0.16761851474103195,0.18737219695411483
0.1720844271603151,0.1670339016239874
0.18180066427866504,0.17309038379515088
0.16745278230887506,0.17998378672845197
0.1628042368196657,0.16836530614215098
0.1656796163558246,0.16612269031842655
0.1744585980793461,0.1646978308774495
0.1691378982987477,0.1728254891567453
0.16654755111554415,0.169735673561699
0.16408069951757653,0.16482864859763524
0.1681500221018746,0.16326592950406854
0.16683629983910842,0.16853311797214857
0.167531098920458,0.16751630717553423
0.14836051820542198,0.16660623142765948
0.13308216469191522,0.1506498319955483
0.13031119009911407,0.1369897440434601
0.13633522776496124,0.132987375120133
0.1285254445265023,0.13568959685666832
0.14249831963109374,0.126868805963796
0.14671370147932505,0.14410494203935445
0.13477398342163616,0.14870347137411818
0.13102944508305714,0.13548852203497025
0.14426285092147936,0.13079621333233984
0.15886720670579504,0.14366949253550182
0.15928282819264866,0.15564746561445916
0.15729155405260903,0.15863129828338915
0.15512717372920426,0.1561536220186478
0.16037816206587976,0.1567078479069631
0.1610426476560122,0.16219896982548682
0.16830384592583011,0.16007085361052428
0.17786364891229678,0.16603263469492008
0.16927845674427958,0.17498635220082373
0.1668591289728492,0.169371660959552
0.16368753110315204,0.16665247959523768
0.16748740207079785,0.16299448697459004
0.16748590519930256,0.16417767171971637
0.17173142356872204,0.1670988717458834
0.15822214357634518,0.17179421106026038
0.1536897346686659,0.15692830094683646
0.1574068647740038,0.15368519981167283
0.15258472643384957,0.15788759648402637
0.1551627299575305,0.15105744558858974
0.15077188232554742,0.15371858078339262
0.1483693814543743,0.15091915825843003
0.14453118910169918,0.14782905508708657
0.15554813381193267,0.14491239729166383
0.1589352148131888,0.155618213943416
0.15912322334774584,0.1582166280104414
0.15517051663880643,0.15988195285207105
0.1556929395381605,0.1567829274417656
0.16377550732881782,0.15630895746160103
0.16025570617956417,0.1643300724096887
0.17223322945969782,0.15908347882873333
0.17122782585620266,0.17107437809355874
0.17471201916087162,0.1704470045932575
0.17610409490397674,0.17575063413980876
0.18491698113555385,0.17555717640310883
0.19027182138424648,0.18331027761602986
0.20095078283409815,0.18632722580163613
0.19553796277965493,0.1984329564940278
0.17921405558732403,0.195117231283214
0.17265811975182022,0.17911209872936742
0.173643186549483,0.17480595337751365
0.17104501581624745,0.17255822754420191
0.17448695015274185,0.16858988110894976
0.17467208292432768,0.17333208061225525
0.18257282875769168,0.17391787352949312
0.18485854415722838,0.18188153220816602
0.178523666009197,0.18564003643153348
0.17844551162014063,0.17799303612474812
0.17743549942214032,0.17814669772617708
0.17973684717423852,0.17816971857744926
0.1836257783089777,0.1795224184891023
0.18033221859429593,0.1826102505450736
0.175368961403518,0.17923903048266643
0.1856019362590404,0.17536954392986343
0.19490526543098133,0.1849830868151359
0.19196036616843096,0.19255777274382183
0.19792901958895284,0.19015137853201075
0.1957030610692079,0.19701623767438467
0.18521777856859242,0.1958237398814823
0.18722428687862833,0.18624887969504836
0.18024919752944213,0.1886056928037351
0.1882312168486236,0.1793129965810365
0.18646150918488977,0.1865921351875441
0.19442538170234772,0.18723709508447706
0.1848779150016525,0.19256909882567771
0.17046015936541303,0.1846580076193685
0.1649991887155799,0.1723452441143025
0.1701372775475057,0.16697822242861382
0.1569255505376358,0.1695009080707304
0.14193391796611105,0.15806804692359494
0.15558097649981426,0.14463436262860516
0.14516287624645724,0.15721927654326565
0.1353754676814452,0.14528969739348813
0.1326406687120718,0.13501176477684895
0.13234246683945852,0.13332695111077586
0.14499813189696228,0.13247341728716602
0.138118281918382,0.1465652383724979
0.12762123091083813,0.1413286657194346
0.13715180434751523,0.12503879944955662
0.14185627236588805,0.13820783612680632
0.1575668161852134,0.1428722867973719
0.1559269897752619,0.15589418395613636
0.15809690778582408,0.15516904188856478
0.15829820382005838,0.15626713354474778
0.1744836024696933,0.16151002550259658
0.18083412771778862,0.1754198624081086
0.18907882955001318,0.17945812675231748
0.1895491790183345,0.18525177893541372
0.18644950471792274,0.1884024353516794
0.1830000565289471,0.18413826139170303
0.17215782547984212,0.18229671864369837
0.17945540583812164,0.17049808256787713
0.1850381613629104,0.17700604477802
0.17145774679262743,0.18350430313157282
0.1574867446208429,0.1694428840224726
0.14968761645287992,0.15592829492922577
0.15709271347752707,0.14915335130908539
0.17049056871539592,0.15789873084835085
0.18226784303396681,0.17106381888182853
0.1721378794828238,0.18124158646205468
0.15783506588041873,0.1732753469704589
0.16720340204301168,0.1581576232532729
0.16325310655071737,0.1685342166610786
0.16788641786993047,0.16135216086297893
0.17612695353272237,0.16585416779442655
0.17955118349256574,0.17581804497335468
0.1757927013904519,0.17831767289544304
0.17343486333034722,0.17486648450118225
0.1834301158206665,0.17305125129748863
0.1876702218566991,0.17838742858187318
0.1792778311615243,0.1842761210442927
0.17391404655261603,0.180401192663098
0.15625183301099063,0.17516559334519413
0.16347627313103538,0.15427113283018365
0.16819175753371335,0.16248601521252198
0.16812661781553956,0.16739866634875764
0.15289452721711344,0.16546863121250263
0.15808876716449016,0.15311464106443123
0.154364654116758,0.15963363440638167
0.1365319299521928,0.1545633250955622
0.1282693541470394,0.13758268949936997
0.12101058184136901,0.12969093964248002
0.1310822632629619,0.1221039469230275
0.13388716448507226,0.1312557602551411
0.13481835865640748,0.1366661690929392
0.1352993337002199,0.13497242581415286
0.13842164541684104,0.13626378348950438
0.14165884755103808,0.1407642861757055
0.12597964586122345,0.14267307016097833
0.11501824761884179,0.12540167280714196
0.11431777443593745,0.11320452972102148
0.10869309913552971,0.11443562172774788
0.11701006741647083,0.1106457716879941
0.12493008823549323,0.11687585777072927
0.13195940783794058,0.12485737936170417
0.12648967717167203,0.1305207078659456
0.1319330024348638,0.12786064186506793
0.12380989744693907,0.1323421718894102
0.10804592342635869,0.12381418159639107
0.10753638984411665,0.11003866862976436
0.1090097870024221,0.10891229863769769
0.10962768154554513,0.11002145829444428
0.109883576520601,0.10773820572781115
0.12615274835771298,0.11110194880649316
0.14478322391799753,0.12426459244144528
0.15275924100369548,0.14047395946938265
0.17537314232045306,0.15240146659507064
0.16457998358563908,0.17072736198794677
0.1556123444374542,0.1627558650117395
0.14705921333969052,0.15502772394665845
0.14643370539844497,0.14908498188788238
0.13727609629788168,0.1432863524227206
0.13265506964818152,0.13648458309568454
0.1286211189484295,0.13080242940460843
0.1256068400607606,0.1248246472800907
0.11984773021519947,0.12451840433178482
0.11351555086011032,0.1186225556438177
0.12934124686517945,0.11322003303293685
0.11489791537287418,0.12989005304635667
0.10359154724084084,0.11542364908652077
0.11250948730588202,0.10182578453400346
0.1038726862531582,0.11344228895498064
0.10571537561947576,0.10295443301519348
0.11889291791874419,0.10401778692943435
0.12114046309515132,0.12025877628942837
0.12820080775580742,0.11935274873096693
0.13209708314675003,0.12908291486534926
0.13573066865089833,0.13260901319813473
0.13350530003125005,0.1334575844871814
0.15178650311805292,0.13289648626274
0.156698284151646,0.1505935850213317
0.15684420331430626,0.1553895539184478
0.13587512781081937,0.15473947663817633
0.14051504601111509,0.1370972238410717
0.15321723206499177,0.1393073435432213
0.13330946794666107,0.15106930258053264
0.12305227769217073,0.13170682736405281
0.12178102086261293,0.12094922854444068
0.10936538246756487,0.12150254746135736
0.10835593436153199,0.10763086234459689
0.10453368405896912,0.10690595623706398
0.10358979228805328,0.10317344817358125
